Workbook

Sheet Parameter
A1: Parameter & asumsi — model koreksi karbon gambut Mempawah
A2: Legenda: teks biru = input (boleh diubah) · hitam = rumus · hijau = tautan antar-sheet · isian kuning = asumsi kunci yang wajib dijustifikasi di PDD.
A4: Parameter | B4: Nilai | C4: Satuan | D4: Sumber / catatan
A5: Biomassa hutan rawa sekunder
A6: AGB hutan rawa sekunder | B6: 222.91 | C6: t BK/ha | D6: File asal, Tuplah (2)!A50. Verifikasi dengan data plot (SNI 7724:2019).
A7: BGB hutan rawa sekunder | B7: 64.64 | C7: t BK/ha | D7: File asal, Tuplah (2)!B50 (rasio akar:tajuk 0,29).
A8: Fraksi karbon biomassa | B8: 0.47 | C8: - | D8: IPCC 2006 Vol.4 Tabel 4.3.
A9: Stok C biomassa Lahan Terbuka | B9: 2.5 | C9: tC/ha | D9: File asal, Tutupan lahan!E13.
A10: Stok C biomassa Perkebunan | B10: 63 | C10: tC/ha | D10: File asal, Tutupan lahan!E12 (rerata jangka panjang; konservatif untuk baseline).
A11: Stok C biomassa Semak Belukar | B11: 30 | C11: tC/ha | D11: File asal, Tutupan lahan!E15.
A12: Faktor emisi oksidasi gambut (CO2 on-site)
A13: FE hutan sekunder terdrainase | B13: 19 | C13: tCO2/ha/thn | D13: IPCC 2013 Wetlands Suppl. Tabel 2.1: 5,3 tC/ha/thn. Asumsi: hutan tersisa sudah terdrainase (konservatif).
A14: FE lahan terbuka | B14: 35 | C14: tCO2/ha/thn | D14: IPCC 2013 Tabel 2.1, grassland terdrainase 9,6 tC/ha/thn.
A15: FE perkebunan (sawit) | B15: 40 | C15: tCO2/ha/thn | D15: IPCC 2013 Tabel 2.1, oil palm 11 tC/ha/thn.
A16: FE semak belukar | B16: 19 | C16: tCO2/ha/thn | D16: IPCC 2013 Tabel 2.1, cleared forest/shrub terdrainase 5,3 tC/ha/thn.
A17: Akuntansi & pengurangan
A18: Rasio CO2/C | B18: =44/12 -> 3.6666667 | C18: - | D18: Berat molekul.
A19: Periode kredit | B19: 10 | C19: tahun | D19: Asumsi.
A20: Skenario laju deforestasi (1 = bruto 2016–2026, 2 = neto 2021–2026) | B20: 1 | C20: pilihan | D20: Default 1 (konservatif). Untuk VM0048, laju wajib diganti data aktivitas yurisdiksi dari Verra.
A21: Efektivitas proyek menekan deforestasi | B21: 0.43 | C21: fraksi | D21: Diambil dari parameter "Additional" file asal (43%). Ini BUKAN uji additionality; wajib dijustifikasi.
A22: Potongan leakage | B22: 0.15 | C22: fraksi | D22: Asumsi indikatif; ganti dengan hasil modul leakage metodologi terpilih.
A23: Buffer non-permanen | B23: 0.2 | C23: fraksi | D23: Asumsi indikatif; hitung dengan VCS AFOLU Non-Permanence Risk Tool (gambut + risiko kebakaran → cenderung tinggi).
A24: Potongan ketidakpastian | B24: 0 | C24: fraksi | D24: 0 jika CI 90% ≤ 10–15% dari rerata; jika lebih, terapkan potongan sesuai metodologi.
A25: Porsi manfaat LPHD | B25: 0.6 | C25: fraksi | D25: File asal, Tuplah (2)!T30 dan H57. Konfirmasi dengan perjanjian benefit sharing.
A26: Kurs | B26: 16000 | C26: Rp/USD | D26: Diseragamkan (file asal memakai 16.000 dan 18.000). Perbarui ke kurs saat analisis.
A27: Harga skenario rendah | B27: 5 | C27: USD/tCO2e | D27: Asumsi.
A28: Harga skenario menengah | B28: 10 | C28: USD/tCO2e | D28: Asumsi.
A29: Harga skenario tinggi | B29: 15 | C29: USD/tCO2e | D29: Asumsi (optimistis untuk REDD+ tanpa label premium).

Sheet Data_Aktivitas
A1: Data aktivitas — tutupan lahan & perubahan (sumber: sheet "2021" dan "Tuplah (2)" file asal)
A3: Kelas tutupan | B3: 2016 (ha) | C3: 2021 (ha) | D3: 2026 (ha) | E3: Δ 2016–2026 (ha) | F3: Δ 2021–2026 (ha)
A4: Hutan Sekunder | B4: 1452.07 | C4: 1549.28 | D4: 1411.16 | E4: =D4-B4 -> -40.91 | F4: =D4-C4 -> -138.12
A5: Semak Belukar | B5: 967.94 | C5: 857.33 | D5: 608.69 | E5: =D5-B5 -> -359.25 | F5: =D5-C5 -> -248.64
A6: Perkebunan | B6: 6.33 | C6: 26.04 | D6: 359.14 | E6: =D6-B6 -> 352.81 | F6: =D6-C6 -> 333.1
A7: Pertanian | B7: 10.23 | C7: 3.91 | D7: 0 | E7: =D7-B7 -> -10.23 | F7: =D7-C7 -> -3.91
A8: Lahan Terbuka | B8: 0 | C8: 0 | D8: 57.6 | E8: =D8-B8 -> 57.6 | F8: =D8-C8 -> 57.6
A9: Sungai | B9: 31.92 | C9: 31.92 | D9: 31.92 | E9: =D9-B9 -> 0 | F9: =D9-C9 -> 0
A10: Total | B10: =SUM(B4:B9) -> 2468.49 | C10: =SUM(C4:C9) -> 2468.48 | D10: =SUM(D4:D9) -> 2468.51 | E10: =SUM(E4:E9) -> 0.02 | F10: =SUM(F4:F9) -> 0.03 | G10: Cek: total tiap tahun harus ≈ 2.468,5 ha
A12: Matriks kehilangan hutan 2016–2026 | B12: Luas (ha) | C12: Stok C pasca (tC/ha) | D12: FE gambut pasca (tCO2/ha/thn) | E12: Bobot
A13: Hutan Sekunder → Lahan Terbuka | B13: 55.22 | C13: =Parameter!$B$9 -> 2.5 | D13: =Parameter!$B$14 -> 35 | E13: =B13/$B$16 -> 0.66633684
A14: Hutan Sekunder → Perkebunan | B14: 7.845 | C14: =Parameter!$B$10 -> 63 | D14: =Parameter!$B$15 -> 40 | E14: =B14/$B$16 -> 0.094665203
A15: Hutan Sekunder → Semak Belukar | B15: 19.806 | C15: =Parameter!$B$11 -> 30 | D15: =Parameter!$B$16 -> 19 | E15: =B15/$B$16 -> 0.23899796
A16: Total kehilangan bruto | B16: =SUM(B13:B15) -> 82.871
A17: Penambahan: Semak Belukar → Hutan Sekunder | B17: 41.939
A18: Neto (bruto − penambahan); cek ≈ −Δ hutan 2016–2026 | B18: =B16-B17 -> 40.932 | C18: =-E4 -> 40.91
A20: Laju deforestasi | B20: Nilai | C20: Satuan | D20: Catatan
A21: Laju bruto 2016–2026 | B21: =B16/10 -> 8.2871 | C21: ha/thn | D21: Kehilangan bruto / 10 thn
A22: Laju bruto 2016–2026 (% hutan 2016) | B22: =B21/B4 -> 0.005707094 | C22: %/thn
A23: Laju neto 2021–2026 | B23: =(C4-D4)/5 -> 27.624 | C23: ha/thn | D23: Kehilangan hutan neto / 5 thn (matriks bruto 2021–2026 belum tersedia)
A24: Laju neto 2021–2026 (% hutan 2021) | B24: =B23/C4 -> 0.017830218 | C24: %/thn
A25: Laju dipakai file asal | B25: =0.0116 -> 0.0116 | C25: %/thn | D25: 1,16% — sumber tidak didokumentasikan; tidak cocok dengan data proyek sendiri
A26: Laju terpilih (ha/thn) | B26: =IF(Parameter!$B$20=1,B21,B23) -> 8.2871 | C26: ha/thn | D26: Mengikuti pilihan skenario di sheet Parameter

Sheet Stok_Gambut
A1: Stok karbon gambut (seluruh kolom) per kelas kedalaman — sumber luas: Export_Output (overlay PL2022 × peta kedalaman)
A3: Kelas kedalaman | B3: Luas (ha) | C3: Tebal tengah (m) | D3: BD (t/m³) | E3: Fraksi C | F3: Kerapatan C (tC/ha) | G3: Stok C (tC) | H3: Stok CO2e (tCO2e)
A4: Bergambut < 50 cm | B4: 453.93 | C4: 0.25 | D4: 0.11 | E4: 0.51 | F4: =C4*10000*D4*E4 -> 140.25 | G4: =B4*F4 -> 63663.683 | H4: =G4*Parameter!$B$18 -> 233433.5
A5: Gambut 100–200 cm | B5: 1586.01 | C5: 1.5 | D5: 0.08 | E5: 0.51 | F5: =C5*10000*D5*E5 -> 612 | G5: =B5*F5 -> 970638.12 | H5: =G5*Parameter!$B$18 -> 3559006.4
A6: Gambut 200–300 cm | B6: 428.57 | C6: 2.5 | D6: 0.06 | E6: 0.51 | F6: =C6*10000*D6*E6 -> 765 | G6: =B6*F6 -> 327856.05 | H6: =G6*Parameter!$B$18 -> 1202138.9
A7: Total | B7: =SUM(B4:B6) -> 2468.51 | F7: =G7/B7 -> 551.81379 | G7: =SUM(G4:G6) -> 1362157.9 | H7: =SUM(H4:H6) -> 4994578.8 | I7: ← rerata tertimbang luas (bukan SUM/3 seperti file asal)
A9: Catatan: stok ini adalah cadangan, BUKAN emisi. Deforestasi tidak melepas seluruh kolom gambut sekaligus; emisi gambut dihitung per ha per tahun lewat FE drainase (sheet Baseline_REDD).
A10: BD 0,11/0,08/0,06 dan C 0,51 mengikuti rumus sheet "Gambut" file asal; tabel parameter di sheet yang sama menulis BD 0,12 — wajib diseragamkan dengan hasil uji lab sampel gambut.

Sheet Baseline_REDD
A1: Baseline REDD+ (deforestasi tak terencana) & estimasi kredit bersih — ex-ante indikatif
A3: Stok C biomassa hutan (tC/ha) | B3: =(Parameter!$B$6+Parameter!$B$7)*Parameter!$B$8 -> 135.1485
A4: Stok C pasca-deforestasi tertimbang (tC/ha) | B4: =SUMPRODUCT(Data_Aktivitas!C13:C15,Data_Aktivitas!E13:E15) -> 14.799689
A5: Faktor emisi biomassa (tCO2e/ha terdeforestasi) | B5: =(B3-B4)*Parameter!$B$18 -> 441.27897
A6: FE gambut pasca-deforestasi tertimbang (tCO2/ha/thn) | B6: =SUMPRODUCT(Data_Aktivitas!D13:D15,Data_Aktivitas!E13:E15) -> 31.649359
A7: Tambahan FE gambut akibat deforestasi (tCO2/ha/thn) | B7: =B6-Parameter!$B$13 -> 12.649359
A8: Laju deforestasi terpilih (ha/thn) | B8: =Data_Aktivitas!B26 -> 8.2871
A9: Faktor pengali kredit bersih | B9: =Parameter!$B$21*(1-Parameter!$B$22)*(1-Parameter!$B$23)*(1-Parameter!$B$24) -> 0.2924 | C9: Rumus: efektivitas × (1−leakage) × (1−buffer) × (1−ketidakpastian)
A11: Tahun | B11: Deforestasi baseline (ha) | C11: Kumulatif (ha) | D11: Emisi biomassa (tCO2e) | E11: Emisi gambut tambahan (tCO2e) | F11: Emisi baseline total (tCO2e) | G11: Kredit bersih (tCO2e) | H11: Porsi LPHD (tCO2e) | I11: Nilai LPHD @harga rendah (Rp) | J11: Nilai LPHD @harga menengah (Rp) | K11: Nilai LPHD @harga tinggi (Rp)
A12: 1 | B12: =$B$8 -> 8.2871 | C12: =B12 -> 8.2871 | D12: =B12*$B$5 -> 3656.923 | E12: =C12*$B$7 -> 104.8265 | F12: =D12+E12 -> 3761.7495 | G12: =F12*$B$9 -> 1099.9356 | H12: =G12*Parameter!$B$25 -> 659.96133 | I12: =H12*Parameter!$B$27*Parameter!$B$26 -> 52796906 | J12: =H12*Parameter!$B$28*Parameter!$B$26 -> 1.0559381e+08 | K12: =H12*Parameter!$B$29*Parameter!$B$26 -> 1.5839072e+08
A13: 2 | B13: =$B$8 -> 8.2871 | C13: =C12+B13 -> 16.5742 | D13: =B13*$B$5 -> 3656.923 | E13: =C13*$B$7 -> 209.653 | F13: =D13+E13 -> 3866.576 | G13: =F13*$B$9 -> 1130.5868 | H13: =G13*Parameter!$B$25 -> 678.35209 | I13: =H13*Parameter!$B$27*Parameter!$B$26 -> 54268167 | J13: =H13*Parameter!$B$28*Parameter!$B$26 -> 1.0853633e+08 | K13: =H13*Parameter!$B$29*Parameter!$B$26 -> 1.628045e+08
A14: 3 | B14: =$B$8 -> 8.2871 | C14: =C13+B14 -> 24.8613 | D14: =B14*$B$5 -> 3656.923 | E14: =C14*$B$7 -> 314.4795 | F14: =D14+E14 -> 3971.4025 | G14: =F14*$B$9 -> 1161.2381 | H14: =G14*Parameter!$B$25 -> 696.74285 | I14: =H14*Parameter!$B$27*Parameter!$B$26 -> 55739428 | J14: =H14*Parameter!$B$28*Parameter!$B$26 -> 1.1147886e+08 | K14: =H14*Parameter!$B$29*Parameter!$B$26 -> 1.6721828e+08
A15: 4 | B15: =$B$8 -> 8.2871 | C15: =C14+B15 -> 33.1484 | D15: =B15*$B$5 -> 3656.923 | E15: =C15*$B$7 -> 419.306 | F15: =D15+E15 -> 4076.229 | G15: =F15*$B$9 -> 1191.8894 | H15: =G15*Parameter!$B$25 -> 715.13361 | I15: =H15*Parameter!$B$27*Parameter!$B$26 -> 57210689 | J15: =H15*Parameter!$B$28*Parameter!$B$26 -> 1.1442138e+08 | K15: =H15*Parameter!$B$29*Parameter!$B$26 -> 1.7163207e+08
A16: 5 | B16: =$B$8 -> 8.2871 | C16: =C15+B16 -> 41.4355 | D16: =B16*$B$5 -> 3656.923 | E16: =C16*$B$7 -> 524.1325 | F16: =D16+E16 -> 4181.0555 | G16: =F16*$B$9 -> 1222.5406 | H16: =G16*Parameter!$B$25 -> 733.52438 | I16: =H16*Parameter!$B$27*Parameter!$B$26 -> 58681950 | J16: =H16*Parameter!$B$28*Parameter!$B$26 -> 1.173639e+08 | K16: =H16*Parameter!$B$29*Parameter!$B$26 -> 1.7604585e+08
A17: 6 | B17: =$B$8 -> 8.2871 | C17: =C16+B17 -> 49.7226 | D17: =B17*$B$5 -> 3656.923 | E17: =C17*$B$7 -> 628.959 | F17: =D17+E17 -> 4285.882 | G17: =F17*$B$9 -> 1253.1919 | H17: =G17*Parameter!$B$25 -> 751.91514 | I17: =H17*Parameter!$B$27*Parameter!$B$26 -> 60153211 | J17: =H17*Parameter!$B$28*Parameter!$B$26 -> 1.2030642e+08 | K17: =H17*Parameter!$B$29*Parameter!$B$26 -> 1.8045963e+08
A18: 7 | B18: =$B$8 -> 8.2871 | C18: =C17+B18 -> 58.0097 | D18: =B18*$B$5 -> 3656.923 | E18: =C18*$B$7 -> 733.7855 | F18: =D18+E18 -> 4390.7085 | G18: =F18*$B$9 -> 1283.8432 | H18: =G18*Parameter!$B$25 -> 770.3059 | I18: =H18*Parameter!$B$27*Parameter!$B$26 -> 61624472 | J18: =H18*Parameter!$B$28*Parameter!$B$26 -> 1.2324894e+08 | K18: =H18*Parameter!$B$29*Parameter!$B$26 -> 1.8487342e+08
A19: 8 | B19: =$B$8 -> 8.2871 | C19: =C18+B19 -> 66.2968 | D19: =B19*$B$5 -> 3656.923 | E19: =C19*$B$7 -> 838.612 | F19: =D19+E19 -> 4495.535 | G19: =F19*$B$9 -> 1314.4944 | H19: =G19*Parameter!$B$25 -> 788.69666 | I19: =H19*Parameter!$B$27*Parameter!$B$26 -> 63095733 | J19: =H19*Parameter!$B$28*Parameter!$B$26 -> 1.2619147e+08 | K19: =H19*Parameter!$B$29*Parameter!$B$26 -> 1.892872e+08
A20: 9 | B20: =$B$8 -> 8.2871 | C20: =C19+B20 -> 74.5839 | D20: =B20*$B$5 -> 3656.923 | E20: =C20*$B$7 -> 943.4385 | F20: =D20+E20 -> 4600.3615 | G20: =F20*$B$9 -> 1345.1457 | H20: =G20*Parameter!$B$25 -> 807.08742 | I20: =H20*Parameter!$B$27*Parameter!$B$26 -> 64566994 | J20: =H20*Parameter!$B$28*Parameter!$B$26 -> 1.2913399e+08 | K20: =H20*Parameter!$B$29*Parameter!$B$26 -> 1.9370098e+08
A21: 10 | B21: =$B$8 -> 8.2871 | C21: =C20+B21 -> 82.871 | D21: =B21*$B$5 -> 3656.923 | E21: =C21*$B$7 -> 1048.265 | F21: =D21+E21 -> 4705.188 | G21: =F21*$B$9 -> 1375.797 | H21: =G21*Parameter!$B$25 -> 825.47818 | I21: =H21*Parameter!$B$27*Parameter!$B$26 -> 66038255 | J21: =H21*Parameter!$B$28*Parameter!$B$26 -> 1.3207651e+08 | K21: =H21*Parameter!$B$29*Parameter!$B$26 -> 1.9811476e+08
A22: Total 10 thn | B22: =SUM(B12:B21) -> 82.871 | D22: =SUM(D12:D21) -> 36569.23 | E22: =SUM(E12:E21) -> 5765.4575 | F22: =SUM(F12:F21) -> 42334.687 | G22: =SUM(G12:G21) -> 12378.663 | H22: =SUM(H12:H21) -> 7427.1976 | I22: =SUM(I12:I21) -> 5.941758e+08 | J22: =SUM(J12:J21) -> 1.1883516e+09 | K22: =SUM(K12:K21) -> 1.7825274e+09
A23: Rerata per tahun | B23: =B22/Parameter!$B$19 -> 8.2871 | D23: =D22/Parameter!$B$19 -> 3656.923 | E23: =E22/Parameter!$B$19 -> 576.54575 | F23: =F22/Parameter!$B$19 -> 4233.4687 | G23: =G22/Parameter!$B$19 -> 1237.8663 | H23: =H22/Parameter!$B$19 -> 742.71976 | I23: =I22/Parameter!$B$19 -> 59417580 | J23: =J22/Parameter!$B$19 -> 1.1883516e+08 | K23: =K22/Parameter!$B$19 -> 1.7825274e+08
A25: Pembanding dengan file asal (kredit bersih tCO2e/thn)
A26: Sumber | B26: Kredit bersih (tCO2e/thn) | C26: Rasio terhadap model koreksi
A27: File asal — Tuplah!R57 ("Net VCU", ×0,35) | B27: 13745.401 | C27: =B27/$G$23 -> 11.104109
A28: File asal — Tuplah (2)!S46 ("Net VCU", ×0,65) | B28: 15641.826 | C28: =B28/$G$23 -> 12.636119
A29: File asal — Tuplah (2)!S36 (blok dengan error rujukan P37) | B29: 6.3365455 | C29: =B29/$G$23 -> 0.0051189258
A30: File asal — Tuplah (2)!G57 (blok IKHB) | B30: 9807.427 | C30: =B30/$G$23 -> 7.9228486
A31: Model koreksi (rerata 10 thn) | B31: =G23 -> 1237.8663
A33: Catatan: emisi kebakaran gambut, DOC, CH4/N2O tidak dimasukkan (konservatif untuk baseline). Hasil ini indikatif; untuk registrasi Verra VM0048, laju & lokasi deforestasi baseline ditentukan dari data aktivitas yurisdiksi dan peta risiko yang disediakan Verra, bukan dari laju proyek sendiri.

Sheet Sensitivitas
A1: Sensitivitas kredit bersih rerata (tCO2e/thn) terhadap laju deforestasi dan stok biomassa
A3: Stok C hutan (tC/ha) ↓ / Laju (ha/thn) → | B3: =Data_Aktivitas!B21 -> 8.2871 | C3: =Data_Aktivitas!B23 -> 27.624
A4: =Baseline_REDD!B3 -> 135.1485 | B4: =B$3*((($A4-Baseline_REDD!$B$4)*Parameter!$B$18)+Baseline_REDD!$B$7*(Parameter!$B$19+1)/2)*Baseline_REDD!$B$9 -> 1237.8663 | C4: =C$3*((($A4-Baseline_REDD!$B$4)*Parameter!$B$18)+Baseline_REDD!$B$7*(Parameter!$B$19+1)/2)*Baseline_REDD!$B$9 -> 4126.2707
A5: 79.67 | B5: =B$3*((($A5-Baseline_REDD!$B$4)*Parameter!$B$18)+Baseline_REDD!$B$7*(Parameter!$B$19+1)/2)*Baseline_REDD!$B$9 -> 744.94666 | C5: =C$3*((($A5-Baseline_REDD!$B$4)*Parameter!$B$18)+Baseline_REDD!$B$7*(Parameter!$B$19+1)/2)*Baseline_REDD!$B$9 -> 2483.1855
A7: Baris 4 = stok dari AGB+BGB plot (file asal Tuplah (2)); baris 5 = stok dari tabel "Tutupan lahan". Kolom B = laju bruto 2016–2026; kolom C = laju neto 2021–2026.

Sheet Daftar_Temuan
A1: Daftar temuan pemeriksaan file Export_Output_Gambut_MEMPAWAH_1.xlsx
A3: No | B3: Sheet!Sel | C3: Tingkat | D3: Temuan | E3: Dampak | F3: Perbaikan
A4: 1 | B4: Tuplah!P53, Tuplah (2)!Q41 | C4: Kritis | D4: Emisi deforestasi = total stok CO2e gambut seluruh area (termasuk non-hutan & seluruh kolom gambut 1,5 m) × 1,16%. | E4: Mengasumsikan seluruh karbon kolom gambut lepas saat deforestasi; biomassa pohon tidak dihitung sama sekali. | F4: Emisi = luas deforestasi × ΔC biomassa + luas kumulatif terdeforestasi × ΔFE gambut per tahun (sheet Baseline_REDD).
A5: 2 | B5: Tuplah!P52, Tuplah (2)!Q30 | C5: Kritis | D5: Laju deforestasi 1,16%/thn tanpa sumber; data proyek sendiri: bruto 0,57%/thn (2016–2026) atau neto 1,78%/thn (2021–2026). | E5: Baseline tidak dapat diverifikasi VVB. | F5: Gunakan data aktivitas proyek (atau data yurisdiksi Verra untuk VM0048) dan dokumentasikan.
A6: 3 | B6: Tuplah (2)!Q31 | C6: Kritis | D6: Q31 = P37 × 1,16% di mana P37 = tCO2e per ha (rerata), bukan total. | E6: Hasil 22,7 tCO2e/thn → nilai Rp 0,9 juta; salah ~5 orde. | F6: Rujuk total (P36) — atau ganti dengan metode di sheet Baseline_REDD.
A7: 4 | B7: Tuplah!Q52, Tuplah (2)!R30, F57 | C7: Kritis | D7: Faktor "Additional" 43% / 50% dikalikan ke emisi. | E7: Additionality adalah uji lulus/gagal, bukan faktor pengali; angka tidak berdasar. | F7: Ganti dengan "efektivitas proyek" eksplisit + uji additionality (VT0008) terpisah.
A8: 5 | B8: Tuplah!R52 vs Tuplah (2)!S30 | C8: Tinggi | D8: "Net VCU" = 35% dari emisi di satu blok, (1−35%) di blok lain. | E8: Hasil berbeda hampir 2×. | F8: Pisahkan potongan leakage, buffer, ketidakpastian dengan nilai masing-masing.
A9: 6 | B9: Tuplah (2)!B57:C60 | C9: Kritis | D9: AGB diketik 22291 (seharusnya 222,91), LITTER 66876, SOIL 196568 — salah faktor 100; BGB memakai 64,64 (benar). | E9: Stok biomassa/tanah membengkak 100×; tidak konsisten antar baris. | F9: Perbaiki angka desimal; satukan satuan t BK/ha.
A10: 7 | B10: Tuplah (2)!C61:D64 | C10: Kritis | D10: Biomassa per-ha dijumlah dengan stok gambut total area (tC); lalu ×50% dan ×35 tanpa dasar. | E10: Penjumlahan satuan berbeda (per-ha + total). | F10: Kalikan stok per-ha dengan luas; hapus faktor 50% dan ×35.
A11: 8 | B11: Tuplah!D55, D63; Tuplah (2)!D33, D43 | C11: Tinggi | D11: Kolom Stok Karbon memakai C (emisi) bukan B (luas). | E11: Stok perkebunan 14,8–23,4 juta tC (mustahil). | F11: Ganti rujukan ke kolom luas.
A12: 9 | B12: Tuplah (2)!D34 | C12: Tinggi | D12: Fraksi C diketik 45 (bukan 0,45). | E12: Stok semak belukar 27,4 juta tC (×100). | F12: Ubah ke 0,45 — atau lebih baik 0,51–0,55 untuk gambut.
A13: 10 | B13: Tuplah (2)!D31:D44, E31:E44 | C13: Tinggi | D13: Tebal (1 m / 0,25 m / 1,5 m), BD (0,08 / 0,1) dan fraksi C (0,45 / 0,2) berbeda antar blok; fraksi C 0,2 tidak realistis untuk gambut. | E13: Stok gambut berubah 0,8–34,5 juta tC tergantung blok. | F13: Satu tabel parameter per kelas kedalaman (sheet Stok_Gambut).
A14: 11 | B14: Tuplah!B16:D19 vs Gambut!F3:F5 | C14: Sedang | D14: BD & fraksi C dipilih per tutupan lahan (0,10–0,13; 0,53–0,55) di Tuplah, tetapi per kedalaman (0,06–0,11; 0,51) di Gambut. Tabel Gambut!O9:O11 menulis BD 0,12. | E14: Stok gambut 2,09 juta tC vs 1,36 juta tC. | F14: Gunakan hasil lab per kedalaman; satu sumber parameter.
A15: 12 | B15: Tuplah!D53:G56 | C15: Sedang | D15: Tebal 1,5 m diterapkan ke seluruh area, padahal 454 ha < 50 cm dan 429 ha 200–300 cm. | E15: Stok gambut tidak tertimbang kedalaman. | F15: Gunakan matriks tutupan × kedalaman (Export_Output).
... A25: 22 | B25: Data 2016→2021 | C25: Sedang | D25: Hutan sekunder naik +97 ha (2016→2021) lalu turun −138 ha (2021→2026). | E25: Melemahkan argumen ancaman jika tidak dijelaskan; indikasi beda interpretasi citra. | F25: Uji akurasi tiap periode; jelaskan regenerasi vs salah klasifikasi.
